ID,Tipo,SKU padre,sku ,Nombre,Publicado (0/1),¿Está destacado? (0/1),Visibilidad en el catálogo,Descripción corta (Instrucciones de cuidado),Descripción,Estado del impuesto,Clase de impuesto,¿En inventario? (0/1),Inventario (cantidad),Inventario (cantidad),Inventario (cantidad),Peso (kg),Medidas (cm), (cm), (cm),Precio rebajado,Precio normal,Categorías (Colecciones),Etiquetas,Clase de envío,Imágenes https://drive.google.com/drive/folders/14B2NVN6TtdWEzAId9Mxd6McPUAhUqZ-o,Swatches Attributes,Nombre del atributo 1,Valor(es) del atributo talla,Nombre del atributo 2,Valor(es) del atributo color,Atributo visible talla,Atributo global talla,Atributo por defecto talla
610185,variable,,,BLUSA ANUDADA,1,1,visible,"Permite lavado en seco / Dry Clean - Lavar a mano máximo 30°C / Hand wash up to 30°C - No usar blanqueador ó detergente fuertes / Do not bleach - Secar a la sombra / Dry in shade - No usar secadora / Do not tumble dry - Planchar máximo 100°C, interponiendo paño ligeramente húmedo/ Iron up to 100°C by interposing a slightly damp cloth - Se recomineda lavar con prendas de colores similares/Wash with similar colours - Lavar las prendas por el revés / Back side wash - No dejar en remojo / Do not soak.","Blusa con corte recto, cuello en V, manga larga con puños abotonados y bajo asimétrico para anudar ó cruzar hacia espalda. Cierre mediante botonadura frontal. Botones en cristal Swarovski.",taxable,parent,1,(color blanco),(color palo de rosa),,0.20,,,,-,355000,Tékapo,,Envío Growbeats,blusa anudada blanca y palo de rosa.tif                                                                            blusa anudada blanca y palo de rosa2.tif,,Talla,"S, M , L",Color,Blanco - Palo de Rosa,1,1,
610185,variable,,,BLUSA ANUDADA - L,1,1,visible,,,taxable,parent,1,1,3,-,0.20,Talla L:  Busto 100 / Cintura 92 ,,,-,355000,Tékapo,,,blusa anudada blanca y palo de rosa.tif                                                                            blusa anudada blanca y palo de rosa2.tif,,Talla,L,Color,Blanco - Palo de Rosa,,1,L Blanco                                                   L Palo de Rosa
610185,variable,,,BLUSA ANUDADA - M,1,1,visible,,,taxable,parent,1,1,4,-,0.20,Talla M:  Busto 96 / Cintura 88 ,,,-,355000,Tékapo,,,blusa anudada blanca y palo de rosa.tif                                                                            blusa anudada blanca y palo de rosa2.tif,,Talla,M,Color,Blanco - Palo de Rosa,,1,M Blanco                                                  M Palo de Rosa
610185,variable,,,BLUSA ANUDADA - S,1,1,visible,,,taxable,parent,1,0,3,-,0.20,Talla S: Busto 92 / Cintura 84,,,-,355000,Tékapo,,,blusa anudada blanca y palo de rosa.tif                                                                            blusa anudada blanca y palo de rosa2.tif,,Talla,S,Color,Blanco - Palo de Rosa,,1,S Blanco                                                 S Palo de Rosa
620275,variable,,,FALDA MIDI EN JACQUARD,1,1,visible,"Permite lavado en seco / Dry Clean - Lavar a mano máximo 30°C / Hand wash up to 30°C - No usar blanqueador ó detergente fuertes / Do not bleach - Secar a la sombra / Dry in shade - No usar secadora / Do not tumble dry - Planchar máximo 100°C, interponiendo paño ligeramente húmedo/ Iron up to 100°C by interposing a slightly damp cloth - Se recomineda lavar con prendas de colores similares/Wash with similar colours - Lavar las prendas por el revés / Back side wash - No dejar en remojo / Do not soak.",Falda midi en Jacquard. Talle alto. Ruedo asimétrico con volante. Cierre mediante cremallera semi-invisible en costado.,taxable,parent,1,(color taupe),(color rosa),,0.35,,,,-,485000,Tékapo,,Envío Growbeats,falda midi en jacquard taupe y rosa.tif                                                                            falda midi en jacquard taupe y rosa2.tif                                                               falda midi en jacquard taupe y rosa3.tif,,Talla,"S, M , L, XL, XXL",Color,Taupe - Rosa,1,1,
620275,variable,,,FALDA MIDI EN JACQUARD - S,1,1,visible,,,taxable,parent,1,0,2,-,0.35,Talla S: Cintura 68 / Largo frente 77,,,-,485000,Tékapo,,,falda midi en jacquard taupe y rosa.tif                                                                            falda midi en jacquard taupe y rosa2.tif                                                               falda midi en jacquard taupe y rosa3.tif,,Talla,S,Color,Taupe - Rosa,,1,S Taupe                                          S Rosa
620275,variable,,,FALDA MIDI EN JACQUARD - M,1,1,visible,,,taxable,parent,1,1,6,-,0.35,Talla M: Cintura 72 / Largo frente 77,,,-,485000,Tékapo,,,falda midi en jacquard taupe y rosa.tif                                                                            falda midi en jacquard taupe y rosa2.tif                                                               falda midi en jacquard taupe y rosa3.tif,,Talla,M,Color,Taupe - Rosa,,1,M Taupe                                  M Rosa
620275,variable,,,FALDA MIDI EN JACQUARD - L,1,1,visible,,,taxable,parent,1,2,6,-,0.35,Talla L: Cintura 76 / Largo frente 77,,,-,485000,Tékapo,,,falda midi en jacquard taupe y rosa.tif                                                                            falda midi en jacquard taupe y rosa2.tif                                                               falda midi en jacquard taupe y rosa3.tif,,Talla,L,Color,Taupe - Rosa,,1,L Taupe                                       L Rosa
620275,variable,,,FALDA MIDI EN JACQUARD - XL,1,1,visible,,,taxable,parent,1,1,4,-,0.35,Talla XL: Cintura 80 / Largo frente 77,,,-,485000,Tékapo,,,falda midi en jacquard taupe y rosa.tif                                                                            falda midi en jacquard taupe y rosa2.tif                                                               falda midi en jacquard taupe y rosa3.tif,,Talla,XL,Color,Taupe - Rosa,,1,XL Taupe                                      XL Rosa
620275,variable,,,FALDA MIDI EN JACQUARD - XXL,1,1,visible,,,taxable,parent,1,1,2,-,0.35,Talla XXL: Cintura 84 / Largo frente 77,,,-,485000,Tékapo,,,falda midi en jacquard taupe y rosa.tif                                                                            falda midi en jacquard taupe y rosa2.tif                                                               falda midi en jacquard taupe y rosa3.tif,,Talla,XXL,Color,Taupe - Rosa,,1,XXLTaupe                                    XXLRosa
610225,variable,,,BLUSA OFF-SHOULDER,1,0,visible,"Permite lavado en seco / Dry Clean - Lavar a mano máximo 30°C / Hand wash up to 30°C - No usar blanqueador ó detergente fuertes / Do not bleach - Secar a la sombra / Dry in shade - No usar secadora / Do not tumble dry - Planchar máximo 100°C, interponiendo paño ligeramente húmedo/ Iron up to 100°C by interposing a slightly damp cloth - Se recomineda lavar con prendas de colores similares/Wash with similar colours - Lavar las prendas por el revés / Back side wash - No dejar en remojo / Do not soak.","Blusa de hombros descubiertos. Corte recto, escote redondo con pliegues y aro metálico. Cierre de botones en la espalda. Manga larga con detalle de volantes.",taxable,parent,1,(color banco),,,0.30,,,,-,349000,Tékapo,,Envío Growbeats,blusa off-shoulder blanca.tif                                                                    blusa off-shoulder blanca2.tif,,Talla,"S, XL",Color,Blanco,1,1,
610225,variable,,,BLUSA OFF-SHOULDER - XL,1,0,visible,,,taxable,parent,1,1,-,-,0.30,Talla XL: Busto 104 / Cintura 98,,,-,349000,Tékapo,,,blusa off-shoulder blanca.tif                                                                    blusa off-shoulder blanca2.tif,,Talla,XL,Color,Blanco,,1,XL Blanco
620195,variable,,,PANTALÓN ANUDADO CON PLIEGUES,1,0,visible,"Permite lavado en seco / Dry Clean - Lavar a mano máximo 30°C / Hand wash up to 30°C - No usar blanqueador ó detergente fuertes / Do not bleach - Secar a la sombra / Dry in shade - No usar secadora / Do not tumble dry - Planchar máximo 100°C, interponiendo paño ligeramente húmedo/ Iron up to 100°C by interposing a slightly damp cloth - Se recomineda lavar con prendas de colores similares/Wash with similar colours - Lavar las prendas por el revés / Back side wash - No dejar en remojo / Do not soak.",Pantalón de cintura alta y botas anchas. Plisado en la cintura y detalle atado. Cremallera semi-invisible en costado.,taxable,parent,1,(color palo de rosa),(color camel),,0.30,,,,-,279000,Tékapo,,Envío Growbeats,pantalón anudado con pliegues palo de rosa y camel.tif                                                               pantalón anudado con pliegues palo de rosa y camel2.tif                                                      pantalón anudado con pliegues palo de rosa y camel3.jpg,,Talla,"8, 10, 12, 14, 16",Color,Palo de Rosa - Camel,1,1,
620195,variable,,,PANTALÓN ANUDADO CON PLIEGUES - 8,1,0,visible,,,taxable,parent,1,2,0,-,0.30,Talla 8: Cintura 80cm ,,,-,279000,Tékapo,,,pantalón anudado con pliegues palo de rosa y camel.tif pantalón anudado con pliegues palo de rosa y camel2.tif pantalón anudado con pliegues palo de rosa y camel3.jpg,,Talla,8,Color,Palo de Rosa - Camel,,1,8 Palo de Rosa                                     8 Camel
620195,variable,,,PANTALÓN ANUDADO CON PLIEGUES - 12,1,0,visible,,,taxable,parent,1,0,2,-,0.30,Talla 12: Cintura 88cm,,,-,279000,Tékapo,,,pantalón anudado con pliegues palo de rosa y camel.tif pantalón anudado con pliegues palo de rosa y camel2.tif pantalón anudado con pliegues palo de rosa y camel3.jpg,,Talla,12,Color,Palo de Rosa - Camel,,1,12 Palo de Rosa                                 12 Camel
620195,variable,,,PANTALÓN ANUDADO CON PLIEGUES - 14,1,0,visible,,,taxable,parent,1,0,1,-,0.30,Talla 14: Cintura 92cm ,,,-,279000,Tékapo,,,pantalón anudado con pliegues palo de rosa y camel.tif pantalón anudado con pliegues palo de rosa y camel2.tif pantalón anudado con pliegues palo de rosa y camel3.jpg,,Talla,14,Color,Palo de Rosa - Camel,,1,14 Palo de Rosa                       14 Camel
620195,variable,,,PANTALÓN ANUDADO CON PLIEGUES - 16,1,0,visible,,,taxable,parent,1,0,1,-,0.30,Talla 16: Cintura 98cm,,,-,279000,Tékapo,,,pantalón anudado con pliegues palo de rosa y camel.tif pantalón anudado con pliegues palo de rosa y camel2.tif pantalón anudado con pliegues palo de rosa y camel3.jpg,,Talla,16,Color,Palo de Rosa - Camel,,1,16 Palo de Rosa                     16 Camel
641272,variable,,,VESTIDO CRUZADO,1,1,visible,"Permite lavado en seco / Dry Clean - Lavar a mano máximo 30°C / Hand wash up to 30°C - No usar blanqueador ó detergente fuertes / Do not bleach - Secar a la sombra / Dry in shade - No usar secadora / Do not tumble dry - Planchar máximo 100°C, interponiendo paño ligeramente húmedo/ Iron up to 100°C by interposing a slightly damp cloth - Se recomineda lavar con prendas de colores similares/Wash with similar colours - Lavar las prendas por el revés / Back side wash - No dejar en remojo / Do not soak.",Vestido estampado manga larga. Corte recto. Escote cruzado en V. Frente con detalle de pliegues. Cierre mediante lazada en cintura. Forro interior.,taxable,parent,1,(color estampado),,,0.40,,,,-,490000,Tékapo,,Envío Growbeats,vestido cruzado estampado.tif                                                              vestido cruzado estampado2.tif,,Talla,"S, M, L, XL",Color,Estampado,1,1,
641272,variable,,,VESTIDO CRUZADO - S,1,1,visible,,,taxable,parent,1,1,-,-,0.40,Talla S: Busto 92 / Cintura 84,,,-,490000,Tékapo,,,vestido cruzado estampado.tif                                                              vestido cruzado estampado2.tif,,Talla,S,Color,Estampado,,1,S Estampado
641272,variable,,,VESTIDO CRUZADO - M,1,1,visible,,,taxable,parent,1,2,-,-,0.40,Talla M:  Busto 96 / Cintura 88,,,-,490000,Tékapo,,,vestido cruzado estampado.tif                                                              vestido cruzado estampado2.tif,,Talla,M,Color,Estampado,,1,M Estampado
641272,variable,,,VESTIDO CRUZADO - L,1,1,visible,,,taxable,parent,1,2,-,-,0.40,Talla L:  Busto 100 / Cintura 92,,,-,490000,Tékapo,,,vestido cruzado estampado.tif                                                              vestido cruzado estampado2.tif,,Talla,L,Color,Estampado,,1,L Estampado
641272,variable,,,VESTIDO CRUZADO - XL,1,1,visible,,,taxable,parent,1,2,-,-,0.40,Talla XL:  Busto 106 / Cintura 98,,,-,490000,Tékapo,,,vestido cruzado estampado.tif                                                              vestido cruzado estampado2.tif,,Talla,XL,Color,Estampado,,1,XL Estampado
610277,variable,,,BODY MANGA LARGA BORDADO,1,1,visible,"Permite lavado en seco / Dry Clean - Lavar a mano máximo 30°C / Hand wash up to 30°C - No usar blanqueador ó detergente fuertes / Do not bleach - Secar a la sombra / Dry in shade - No usar secadora / Do not tumble dry - Planchar máximo 100°C, interponiendo paño ligeramente húmedo/ Iron up to 100°C by interposing a slightly damp cloth - Se recomineda lavar con prendas de colores similares/Wash with similar colours - Lavar las prendas por el revés / Back side wash - No dejar en remojo / Do not soak.","Body-Blusa de corte recto, cuello de solapa con muesca y botones de perlas en la parte delantera. Mangas largas de globo con bordado a juego. Puños con doble detalle de volantes.",taxable,parent,1,(color marfìl),,,0.35,,,,-,398000,Tékapo,,Envío Growbeats,body manga larga bordado marfìl.tif                                                      body manga larga bordado marfìl2.tif                                                                             body manga larga bordado marfìl3.tif                                                                                                                  body manga larga bordado marfìl4.tif,,Talla,"S, M, L",Color,Marfíl,1,1,
610277,variable,,,BODY MANGA LARGA BORDADO - S,1,1,visible,,,taxable,parent,1,1,-,-,0.35,Talla S:  Busto 92 / Cintura 84,,,-,398000,Tékapo,,,body manga larga bordado marfìl.tif                                                      body manga larga bordado marfìl2.tif                                                                             body manga larga bordado marfìl3.tif                                                                                                                  body manga larga bordado marfìl4.tiff,,Talla,S,Color,Marfíl,,1,S Marfíl
610277,variable,,,BODY MANGA LARGA BORDADO - M,1,1,visible,,,taxable,parent,1,2,-,-,0.35,Talla M:  Busto 96 / Cintura 88,,,-,398000,Tékapo,,,body manga larga bordado marfìl.tif                                                      body manga larga bordado marfìl2.tif                                                                             body manga larga bordado marfìl3.tif                                                                                                                  body manga larga bordado marfìl4.tif,,Talla,M,Color,Marfíl,,1,M Marfíl
610277,variable,,,BODY MANGA LARGA BORDADO - L,1,1,visible,,,taxable,parent,1,1,-,-,0.35,Talla L:  Busto 100 / Cintura 92,,,-,398000,Tékapo,,,body manga larga bordado marfìl.tif                                                      body manga larga bordado marfìl2.tif                                                                             body manga larga bordado marfìl3.tif                                                                                                                  body manga larga bordado marfìl4.tif,,Talla,L,Color,Marfíl,,1,L Marfíl
611852,variable,,,BLUSA ANUDADA EN SEDA,1,1,visible,"Permite lavado en seco / Dry Clean - Lavar a mano máximo 30°C / Hand wash up to 30°C - No usar blanqueador ó detergente fuertes / Do not bleach - Secar a la sombra / Dry in shade - No usar secadora / Do not tumble dry - Planchar máximo 100°C, interponiendo paño ligeramente húmedo/ Iron up to 100°C by interposing a slightly damp cloth - Se recomineda lavar con prendas de colores similares/Wash with similar colours - Lavar las prendas por el revés / Back side wash - No dejar en remojo / Do not soak.","Blusa con corte recto, cuello en V, manga larga con puños abotonados y bajo asimétrico para anudar. Cierre mediante botonadura frontal. Incluye top interno.",taxable,parent,1,(rosa oscuro),(azul grisáceo),(gris),0.30,,,,-,465000,Tékapo,,Envío Growbeats,blusa anudada en seda.tif                                                                                                    blusa anudada en seda2.jpeg                                          blusa anudada en seda3.jpeg,,Talla,"S, M, L, XL",Color,Rosa Oscuro - Azul Grisáceo - Gris,1,1,
611852,variable,,,BLUSA ANUDADA EN SEDA - S,1,1,visible,,,taxable,parent,1,0,2,1,0.30,Talla S: Busto 90 / Cintura 80  ,,,-,465000,Tékapo,,,blusa anudada en seda.tif                                                                                                    blusa anudada en seda2.jpeg                                          blusa anudada en seda3.jpeg,,Talla,S,Color,Rosa Oscuro - Azul Grisáceo - Gris,,1,S Rosa Oscuro                             S Azul Grisáceo                          S Gris
611852,variable,,,BLUSA ANUDADA EN SEDA - M,1,1,visible,,,taxable,parent,1,1,3,0,0.30,Talla M: Busto 94 / Cintura 84 ,,,-,465000,Tékapo,,,blusa anudada en seda.tif                                                                                                    blusa anudada en seda2.jpeg                                          blusa anudada en seda3.jpeg,,Talla,M,Color,Rosa Oscuro - Azul Grisáceo - Gris,,1,M Rosa Oscuro                            M Azul Grisáceo                    M Gris
611852,variable,,,BLUSA ANUDADA EN SEDA - L,1,1,visible,,,taxable,parent,1,2,2,1,0.30,Talla L: Busto 98 / Cintura 88,,,-,465000,Tékapo,,,blusa anudada en seda.tif                                                                                                    blusa anudada en seda2.jpeg                                          blusa anudada en seda3.jpeg,,Talla,L,Color,Rosa Oscuro - Azul Grisáceo - Gris,,1,L Rosa Oscuro                     L Azul Grisáceo                       L Gris
611852,variable,,,BLUSA ANUDADA EN SEDA - XL,1,1,visible,,,taxable,parent,1,1,0,0,0.30,Talla XL: Busto 102 / Cintura 92,,,-,465000,Tékapo,,,blusa anudada en seda.tif                                                                                                    blusa anudada en seda2.jpeg                                          blusa anudada en seda3.jpeg,,Talla,XL,Color,Rosa Oscuro - Azul Grisáceo - Gris,,1,XL Rosa Oscuro                           XL Azul Grisáceo                         XL Gris
620240,variable,,,PANTALÓN RECTO EN JACQUARD,1,1,visible,"Permite lavado en seco / Dry Clean - Lavar a mano máximo 30°C / Hand wash up to 30°C - No usar blanqueador ó detergente fuertes / Do not bleach - Secar a la sombra / Dry in shade - No usar secadora / Do not tumble dry - Planchar máximo 100°C, interponiendo paño ligeramente húmedo/ Iron up to 100°C by interposing a slightly damp cloth - Se recomineda lavar con prendas de colores similares/Wash with similar colours - Lavar las prendas por el revés / Back side wash - No dejar en remojo / Do not soak.","Pantalón en Jacquard, de corte recto y talle alto. Aberturas leves en ruedo. Cierre mediante cremallera semi-invisible en costado.",taxable,parent,1,(uva),(rosa),,0.25,,,,-,349000,Tékapo,,Envío Growbeats,pantalón recto en jacquard.tif                                                         pantalón recto en jacqurard2.tif,,Talla,"6, 8, 10, 12, 14, 16",Color,Uva - Rosa,1,1,
620240,variable,,,PANTALÓN RECTO EN JACQUARD - 6,1,1,visible,,,taxable,parent,1,0,0,-,0.25,Talla 6: Cintura 66 / Cadera 91 / Largo 93 ,,,-,349000,Tékapo,,,pantalón recto en jacquard.tif                                                         pantalón recto en jacqurard2.tif,,Talla,6,Color,Uva - Rosa,,1,6 Uva                                              6 Rosa
620240,variable,,,PANTALÓN RECTO EN JACQUARD - 8,1,1,visible,,,taxable,parent,1,0,1,-,0.25,Talla 8: Cintura 70 / Cadera 95 / Largo 93  ,,,-,349000,Tékapo,,,pantalón recto en jacquard.tif                                                         pantalón recto en jacqurard2.tif,,Talla,8,Color,Uva - Rosa,,1,8 Uva                                             8 Rosa
620240,variable,,,PANTALÓN RECTO EN JACQUARD - 10,1,1,visible,,,taxable,parent,1,1,2,-,0.25,Talla 10: Cintura 74 / Cadera 99 / Largo 94 ,,,-,349000,Tékapo,,,pantalón recto en jacquard.tif                                                         pantalón recto en jacqurard2.tif,,Talla,10,Color,Uva - Rosa,,1,10Uva                                             10Rosa
620240,variable,,,PANTALÓN RECTO EN JACQUARD - 12,1,1,visible,,,taxable,parent,1,2,1,-,0.25,Talla 12: Cintura 78 / Cadera 103 / Largo 95,,,-,349000,Tékapo,,,pantalón recto en jacquard.tif                                                         pantalón recto en jacqurard2.tif,,Talla,12,Color,Uva - Rosa,,1,12Uva                                             12Rosa
620240,variable,,,PANTALÓN RECTO EN JACQUARD - 14,1,1,visible,,,taxable,parent,1,0,0,-,0.25,Talla 14: Cintura 82 / Cadera 107 / Largo 96,,,-,349000,Tékapo,,,pantalón recto en jacquard.tif                                                         pantalón recto en jacqurard2.tif,,Talla,14,Color,Uva - Rosa,,1,14Uva                                             14Rosa
620240,variable,,,PANTALÓN RECTO EN JACQUARD - 16,1,1,visible,,,taxable,parent,1,0,0,-,0.25,Talla 16: Cintura 87 / Cadera 112 / Largo 97,,,-,349000,Tékapo,,,pantalón recto en jacquard.tif                                                         pantalón recto en jacqurard2.tif,,Talla,16,Color,Uva - Rosa,,1,16Uva                                            16Rosa
610255,variable,,,BLUSA ELEGANCE,1,1,visible,"Permite lavado en seco / Dry Clean - Lavar a mano máximo 30°C / Hand wash up to 30°C - No usar blanqueador ó detergente fuertes / Do not bleach - Secar a la sombra / Dry in shade - No usar secadora / Do not tumble dry - Planchar máximo 100°C, interponiendo paño ligeramente húmedo/ Iron up to 100°C by interposing a slightly damp cloth - Se recomineda lavar con prendas de colores similares/Wash with similar colours - Lavar las prendas por el revés / Back side wash - No dejar en remojo / Do not soak.","Blusa de corte recto, cuello Kent puntiagudo, cierre con botones en la parte delantera. Manga larga con puños de globo. Todos los botones en cristal Swarovski.",taxable,parent,1,(blanco),(rosa),,0.25,,,,-,479000,Tékapo,,Envío Growbeats,blusa elegance.jpg                                                                           blusa elegance2.jpg,,Talla,"S, M, L, XL, XXL",Color,Blanco - Rosa,1,1,
610255,variable,,,BLUSA ELEGANCE - S,1,1,visible,,,taxable,parent,1,1,4,-,0.25,Talla S: Busto 90 / Cintura 84 ,,,-,479000,Tékapo,,,blusa elegance.jpg                                                                           blusa elegance2.jpg,,Talla,S,Color,Blanco - Rosa,,1,S Blanco                                                S Rosa
610255,variable,,,BLUSA ELEGANCE - M,1,1,visible,,,taxable,parent,1,0,3,-,0.25,Talla M: Busto 94 / Cintura 88 ,,,-,479000,Tékapo,,,blusa elegance.jpg                                                                           blusa elegance2.jpg,,Talla,M,Color,Blanco - Rosa,,1,M Blanco                                            M Rosa
610255,variable,,,BLUSA ELEGANCE - L,1,1,visible,,,taxable,parent,1,0,4,-,0.25,Talla L: Busto 98 / Cintura 92 ,,,-,479000,Tékapo,,,blusa elegance.jpg                                                                           blusa elegance2.jpg,,Talla,L,Color,Blanco - Rosa,,1,L Blanco                                              L Rosa
610255,variable,,,BLUSA ELEGANCE - XL,1,1,visible,,,taxable,parent,1,2,2,-,0.25,Talla XL: Busto 104 / Cintura 98   ,,,-,479000,Tékapo,,,blusa elegance.jpg                                                                           blusa elegance2.jpg,,Talla,XL,Color,Blanco - Rosa,,1,XLBlanco                                               XLRosa
610255,variable,,,BLUSA ELEGANCE - XXL,1,1,visible,,,taxable,parent,1,1,2,-,0.25,Talla XXL: Busto 110 / Cintura 104,,,-,479000,Tékapo,,,blusa elegance.jpg                                                                           blusa elegance2.jpg,,Talla,XXL,Color,Blanco - Rosa,,1,XL Blanco                      XL Rosa
610274,variable,,,BLUSA CON LAZO EN CUELLO,1,1,visible,"Permite lavado en seco / Dry Clean - Lavar a mano máximo 30°C / Hand wash up to 30°C - No usar blanqueador ó detergente fuertes / Do not bleach - Secar a la sombra / Dry in shade - No usar secadora / Do not tumble dry - Planchar máximo 100°C, interponiendo paño ligeramente húmedo/ Iron up to 100°C by interposing a slightly damp cloth - Se recomineda lavar con prendas de colores similares/Wash with similar colours - Lavar las prendas por el revés / Back side wash - No dejar en remojo / Do not soak.","Blusa sin mangas, con corte recto y cuello de corbata con detalle de lazo. Frente con detalle de triple volante. Ruedo con aberturas laterales. Frente abotonado.",taxable,parent,1,(marfíl),,,0.20,,,,-,349000,Tékapo,,Envío Growbeats,blusa con lazo en cuello.tif                                                      blusa con lazo en cuello2.tif                                                                              blusa con lazo en cuello3.tif,,Talla,"S, M, L, XL",Color,Marfíl,1,1,
610274,variable,,,BLUSA CON LAZO EN CUELLO - S,1,1,visible,,,taxable,parent,1,3,-,-,0.20,Talla S: Busto 90 / Cintura 80 ,,,-,349000,Tékapo,,,blusa con lazo en cuello.tif                                                      blusa con lazo en cuello2.tif                                                                              blusa con lazo en cuello3.tif,,Talla,S,Color,Marfíl,,1,S Marfíl
610274,variable,,,BLUSA CON LAZO EN CUELLO - M,1,1,visible,,,taxable,parent,1,4,-,-,0.20,Talla M: Busto 94 / Cintura 84 ,,,-,349000,Tékapo,,,blusa con lazo en cuello.tif                                                      blusa con lazo en cuello2.tif                                                                              blusa con lazo en cuello3.tif,,Talla,M,Color,Marfíl,,1,M Marfíl
610274,variable,,,BLUSA CON LAZO EN CUELLO - L,1,1,visible,,,taxable,parent,1,1,-,-,0.20,Talla L: Busto 98 / Cintura 88,,,-,349000,Tékapo,,,blusa con lazo en cuello.tif                                                      blusa con lazo en cuello2.tif                                                                              blusa con lazo en cuello3.tif,,Talla,L,Color,Marfíl,,1,L Marfíl
610274,variable,,,BLUSA CON LAZO EN CUELLO - XL,1,1,visible,,,taxable,parent,1,2,-,-,0.20,Talla XL: Busto 104 / Cintura 94,,,-,349000,Tékapo,,,blusa con lazo en cuello.tif                                                      blusa con lazo en cuello2.tif                                                                              blusa con lazo en cuello3.tif,,Talla,XL,Color,Marfíl,,1,XLMarfíl
621652,variable,,,FALDA DE NESGAS EN DENIM,1,1,visible,"Permite lavado en seco / Dry Clean - Lavar a mano máximo 30°C / Hand wash up to 30°C - No usar blanqueador ó detergente fuertes / Do not bleach - Secar a la sombra / Dry in shade - No usar secadora / Do not tumble dry - Planchar máximo 100°C, interponiendo paño ligeramente húmedo/ Iron up to 100°C by interposing a slightly damp cloth - Se recomineda lavar con prendas de colores similares/Wash with similar colours - Lavar las prendas por el revés / Back side wash - No dejar en remojo / Do not soak.",Falda acampanada de talle alto en Denim. Detalle de nesgas. Cierre mediante cremallera semi-invisible en costado. Incluye cinturón.,taxable,parent,1,(denim),-,-,0.50,,,,-,405000,Tékapo,,Envío Growbeats,falda de nesgas en denim.tif                                                      falda de nesgas en denim2.tif,,Talla,"XL, XXL",Color,Denim,1,1,
621652,variable,,,FALDA DE NESGAS EN DENIM - L,1,1,visible,,,taxable,parent,1,1,-,-,0.50,Talla L: Cintura 86/ Largo 70    ,,,-,405000,Tékapo,,,falda de nesgas en denim.tif                                                      falda de nesgas en denim2.tif,,Talla,L,Color,Denim,,1,L Denim
621652,variable,,,FALDA DE NESGAS EN DENIM - XL,1,1,visible,,,taxable,parent,1,1,-,-,0.50,Talla XL: Cintura 90 / Largo 70    ,,,-,405000,Tékapo,,,falda de nesgas en denim.tif                                                      falda de nesgas en denim2.tif,,Talla,XL,Color,Denim,,1,XL Denim
621652,variable,,,FALDA DE NESGAS EN DENIM - XXL,1,1,visible,,,taxable,parent,1,1,-,-,0.50,Talla XXL: Cintura 94 / Largo 70,,,-,405000,Tékapo,,,falda de nesgas en denim.tif                                                      falda de nesgas en denim2.tif,,Talla,XXL,Color,Denim,,1,XXL Denim
610268,variable,,,BLUSA CRUZADA,1,1,visible,"Permite lavado en seco / Dry Clean - Lavar a mano máximo 30°C / Hand wash up to 30°C - No usar blanqueador ó detergente fuertes / Do not bleach - Secar a la sombra / Dry in shade - No usar secadora / Do not tumble dry - Planchar máximo 100°C, interponiendo paño ligeramente húmedo/ Iron up to 100°C by interposing a slightly damp cloth - Se recomineda lavar con prendas de colores similares/Wash with similar colours - Lavar las prendas por el revés / Back side wash - No dejar en remojo / Do not soak."," Blusa delantera con cuello en V y corte recto. Mangas largas de globo con puños abotonados, 3 botones y cierre mediante cremallera semi-invisible en costado",taxable,parent,1,(mostaza),(terracota),(rosa),0.25,,,,-,370000,Tékapo,,Envío Growbeats,blusa cruzada.tif,,Talla,"S, M, L, XL, XXL",Color,Mostaza - Terracota - Rosa,1,1,
610268,variable,,,BLUSA CRUZADA - S,1,1,visible,,,taxable,parent,1,2,0,1,0.25,Talla S: Busto 90 / Cintura 84 ,,,-,370000,Tékapo,,,blusa cruzada.tif,,Talla,S,Color,Mostaza - Terracota - Rosa,,1,S Mostaza                                    S Terracota                            S Rosa
610268,variable,,,BLUSA CRUZADA - M,1,1,visible,,,taxable,parent,1,3,1,2,0.25,Talla M: Busto 94 / Cintura 88,,,-,370000,Tékapo,,,blusa cruzada.tif,,Talla,M,Color,Mostaza - Terracota - Rosa,,1,M Mostaza                                  M Terracota                            M Rosa
610268,variable,,,BLUSA CRUZADA - L,1,1,visible,,,taxable,parent,1,1,2,2,0.25,Talla L: Busto 98 / Cintura 92,,,-,370000,Tékapo,,,blusa cruzada.tif,,Talla,L,Color,Mostaza - Terracota - Rosa,,1,L Mostaza                                    L Terracota                            L Rosa
610268,variable,,,BLUSA CRUZADA - XL,1,1,visible,,,taxable,parent,1,1,1,1,0.25,Talla XL: Busto 104 / Cintura 98   ,,,-,370000,Tékapo,,,blusa cruzada.tif,,Talla,XL,Color,Mostaza - Terracota - Rosa,,1,XLMostaza                                   XLTerracota                            XLRosa
610268,variable,,,BLUSA CRUZADA - XXL,1,1,visible,,,taxable,parent,1,1,1,1,0.25,Talla XXL: Busto 110 / Cintura 104,,,-,370000,Tékapo,,,blusa cruzada.tif,,Talla,XXL,Color,Mostaza - Terracota - Rosa,,1,XXL Mostaza                                  XXL Terracota                         XXL Rosa
620165,variable,,,FALDA DE NESGAS,1,1,visible,"Permite lavado en seco / Dry Clean - Lavar a mano máximo 30°C / Hand wash up to 30°C - No usar blanqueador ó detergente fuertes / Do not bleach - Secar a la sombra / Dry in shade - No usar secadora / Do not tumble dry - Planchar máximo 100°C, interponiendo paño ligeramente húmedo/ Iron up to 100°C by interposing a slightly damp cloth - Se recomineda lavar con prendas de colores similares/Wash with similar colours - Lavar las prendas por el revés / Back side wash - No dejar en remojo / Do not soak.",Falda acampanada de talle alto. Detalle de nesgas. Cierre mediante cremallera semi-invisible en costado. Incluye cinturón.,taxable,parent,1,(naranja oscuro),-,-,0.45,,,,-,405000,Tékapo,,Envío Growbeats,falda de nesgas.tif                                                                                                 falda de nesgas2.tif,,Talla,"S, M, L, XL, XXL",Color,Naranja Oscuro,1,1,
620165,variable,,,FALDA DE NESGAS - S,1,1,visible,,,taxable,parent,1,1,-,-,0.45,Talla S: Cintura 80 / Largo 67,,,-,405000,Tékapo,,,falda de nesgas.tif                                                                                                 falda de nesgas2.tif,,Talla,S,Color,Naranja Oscuro,,1,S Naranja Oscuro                  
620165,variable,,,FALDA DE NESGAS - M,1,1,visible,,,taxable,parent,1,0,-,-,0.45,Talla M: Cintura 84 / Largo 67,,,-,405000,Tékapo,,,falda de nesgas.tif                                                                                                 falda de nesgas2.tif,,Talla,M,Color,Naranja Oscuro,,1,M Naranja Oscuro                  
620165,variable,,,FALDA DE NESGAS - L,1,1,visible,,,taxable,parent,1,1,-,-,0.45,Talla L: Cintura 88 / Largo 70,,,-,405000,Tékapo,,,falda de nesgas.tif                                                                                                 falda de nesgas2.tif,,Talla,L,Color,Naranja Oscuro,,1,L Naranja Oscuro                  
620165,variable,,,FALDA DE NESGAS - XL,1,1,visible,,,taxable,parent,1,1,-,-,0.45,Talla XL: Cintura 92  / Largo 70      ,,,-,405000,Tékapo,,,falda de nesgas.tif                                                                                                 falda de nesgas2.tif,,Talla,XL,Color,Naranja Oscuro,,1,XLNaranja Oscuro                  
620165,variable,,,FALDA DE NESGAS - XXL,1,1,visible,,,taxable,parent,1,1,-,-,0.45,Talla XXL: Cintura 96 / Largo 70 ,,,-,405000,Tékapo,,,falda de nesgas.tif                                                                                                 falda de nesgas2.tif,,Talla,XXL,Color,Naranja Oscuro,,1,XXL Naranja Oscuro
640260,variable,,,VESTIDO MIDI EN JACQUARD,1,1,visible,"Permite lavado en seco / Dry Clean - Lavar a mano máximo 30°C / Hand wash up to 30°C - No usar blanqueador ó detergente fuertes / Do not bleach - Secar a la sombra / Dry in shade - No usar secadora / Do not tumble dry - Planchar máximo 100°C, interponiendo paño ligeramente húmedo/ Iron up to 100°C by interposing a slightly damp cloth - Se recomineda lavar con prendas de colores similares/Wash with similar colours - Lavar las prendas por el revés / Back side wash - No dejar en remojo / Do not soak.",Vestido Midi sin mangas con detalle de transparencia y cuello redondo. Ruedo asimétrico con volante. Cierre mediante cremallera semi-invisible en costado. Forro interior.,taxable,parent,1,(azul),-,-,0.45,,,,-,889000,Tékapo,,Envío Growbeats,vestido midi en jacquard.tif,,Talla,"S, M, L",Color,Azul,1,1,
640260,variable,,,VESTIDO MIDI EN JACQUARD - S,1,1,visible,,,taxable,parent,1,2,-,-,0.45,Talla S: 86cm / 66cm,,,-,889000,Tékapo,,,vestido midi en jacquard.tif,,Talla,S,Color,Azul,,1,S Azul
640260,variable,,,VESTIDO MIDI EN JACQUARD - M,1,1,visible,,,taxable,parent,1,3,-,-,0.45,Talla M: 90cm / 70cm,,,-,889000,Tékapo,,,vestido midi en jacquard.tif,,Talla,M,Color,Azul,,1,M Azul
640260,variable,,,VESTIDO MIDI EN JACQUARD - L,1,1,visible,,,taxable,parent,1,2,-,-,0.45,Talla L: 94cm / 74cm,,,-,889000,Tékapo,,,vestido midi en jacquard.tif,,Talla,L,Color,Azul,,1,L Azul
610248,variable,,,BLUSA MANGA GLOBO,1,0,visible,"Permite lavado en seco / Dry Clean - Lavar a mano máximo 30°C / Hand wash up to 30°C - No usar blanqueador ó detergente fuertes / Do not bleach - Secar a la sombra / Dry in shade - No usar secadora / Do not tumble dry - Planchar máximo 100°C, interponiendo paño ligeramente húmedo/ Iron up to 100°C by interposing a slightly damp cloth - Se recomineda lavar con prendas de colores similares/Wash with similar colours - Lavar las prendas por el revés / Back side wash - No dejar en remojo / Do not soak.","Blusa de corte recto, cuello Kent puntiagudo, cierre con botones en la parte delantera. Manga larga de globo con puños abotonados. Todos los botones en cristal Swarovski.",taxable,parent,1,(beige),(gris claro),-,0.30,,,,-,479000,White Sands,,Envío Growbeats,blusa manga globo.jpg                                                                 blusa manga globo2.jpg,,Talla,"S, L, XL, XXL",Color,Beige - Gris Claro,1,1,
610248,variable,,,BLUSA MANGA GLOBO - S,1,0,visible,,,taxable,parent,1,0,1,-,0.30,Talla S: Busto 90 / Cintura 84 ,,,-,479000,White Sands,,,blusa manga globo.jpg                                                                 blusa manga globo2.jpg,,Talla,S,Color,Beige - Gris Claro,,1,S Beige                                               S Gris Claro
610248,variable,,,BLUSA MANGA GLOBO - L,1,0,visible,,,taxable,parent,1,1,0,-,0.30,Talla L: Busto 98 / Cintura 92 ,,,-,479000,White Sands,,,blusa manga globo.jpg                                                                 blusa manga globo2.jpg,,Talla,L,Color,Beige - Gris Claro,,1,L Beige                                               L Gris Claro
610248,variable,,,BLUSA MANGA GLOBO - XL,1,0,visible,,,taxable,parent,1,0,1,-,0.30,Talla XL: Busto 104 / Cintura 98,,,-,479000,White Sands,,,blusa manga globo.jpg                                                                 blusa manga globo2.jpg,,Talla,XL,Color,Beige - Gris Claro,,1,XLBeige                                        XLGris Claro
610248,variable,,,BLUSA MANGA GLOBO - XXL,1,0,visible,,,taxable,parent,1,1,0,-,0.30,Talla XXL: Busto 110 / Cintura 104   ,,,-,479000,White Sands,,,blusa manga globo.jpg                                                                 blusa manga globo2.jpg,,Talla,XXL,Color,Beige - Gris Claro,,1,XXL Beige                                          XXL Gris Claro
610185,variable,,,BLUSA ANUDADA,1,0,visible,"Permite lavado en seco / Dry Clean - Lavar a mano máximo 30°C / Hand wash up to 30°C - No usar blanqueador ó detergente fuertes / Do not bleach - Secar a la sombra / Dry in shade - No usar secadora / Do not tumble dry - Planchar máximo 100°C, interponiendo paño ligeramente húmedo/ Iron up to 100°C by interposing a slightly damp cloth - Se recomineda lavar con prendas de colores similares/Wash with similar colours - Lavar las prendas por el revés / Back side wash - No dejar en remojo / Do not soak.","Blusa con corte recto, cuello en V, manga larga con puños abotonados y bajo asimétrico para anudar ó cruzar hacia espalda. Cierre mediante botonadura frontal. Botones en cristal Swarovski.",taxable,parent,1,(color turquesa),,,0.20,,,,-,355000,White Sands,,Envío Growbeats,blusa anudada turquesa.jpg                                                         blusa anudada turquesa2.jpg                                       blusa anudada turquesa3.jpg,,Talla,"M , L",Color,Turquesa,1,1,
610185,variable,,,BLUSA ANUDADA - L,1,0,visible,,,taxable,parent,1,4,-,-,0.20,Talla L:  Busto 100 / Cintura 92 ,,,-,355000,White Sands,,,blusa anudada turquesa.jpg                                                         blusa anudada turquesa2.jpg                                       blusa anudada turquesa3.jpg,,Talla,L,Color,Turquesa,,1,L Turquesa
610185,variable,,,BLUSA ANUDADA - M,1,0,visible,,,taxable,parent,1,1,-,-,0.20,Talla M:  Busto 96 / Cintura 88 ,,,-,355000,White Sands,,,blusa anudada turquesa.jpg                                                         blusa anudada turquesa2.jpg                                       blusa anudada turquesa3.jpg,,Talla,M,Color,Turquesa,,1,M Turquesa
640232,variable,,,ENTERIZO ANUDADO,1,0,visible,"Permite lavado en seco / Dry Clean - Lavar a mano máximo 30°C / Hand wash up to 30°C - No usar blanqueador ó detergente fuertes / Do not bleach - Secar a la sombra / Dry in shade - No usar secadora / Do not tumble dry - Planchar máximo 100°C, interponiendo paño ligeramente húmedo/ Iron up to 100°C by interposing a slightly damp cloth - Se recomineda lavar con prendas de colores similares/Wash with similar colours - Lavar las prendas por el revés / Back side wash - No dejar en remojo / Do not soak.",Enterizo largo. Cuello en V con detalle anudado. Manga larga. Puños con doble volante. Cierre mediante cremallera semi-invisible en costado.,taxable,parent,1,(color blanco),(color rosa),,0.50,,,,-,659000,White Sands,,Envío Growbeats,enterizo anudado.jpg                                                             enterizo anudado2.jpg,,Talla,"S, M , L, XL",Color,Blanco - Rosa,1,1,
640232,variable,,,ENTERIZO ANUDADO - S,1,0,visible,,,taxable,parent,1,1,2,-,0.50,Talla S: Busto 90 / Cintura 70  ,,,-,659000,White Sands,,,enterizo anudado.jpg                                                             enterizo anudado2.jpg,,Talla,S,Color,Blanco - Rosa,,1,S Blanco                                                 S Rosa
640232,variable,,,ENTERIZO ANUDADO - M,1,0,visible,,,taxable,parent,1,0,1,-,0.50,Talla M: Busto 94 / Cintura 74,,,-,659000,White Sands,,,enterizo anudado.jpg                                                             enterizo anudado2.jpg,,Talla,M,Color,Blanco - Rosa,,1,M Blanco                                                M Rosa
640232,variable,,,ENTERIZO ANUDADO - L,1,0,visible,,,taxable,parent,1,1,2,-,0.50,Talla L: Busto 98 / Cintura 78   ,,,-,659000,White Sands,,,enterizo anudado.jpg                                                             enterizo anudado2.jpg,,Talla,L,Color,Blanco - Rosa,,1,L Blanco                                                L Rosa
640232,variable,,,ENTERIZO ANUDADO - XL,1,0,visible,,,taxable,parent,1,1,0,-,0.50,Talla XL: Busto 104 / Cintura 84 ,,,-,659000,White Sands,,,enterizo anudado.jpg                                                             enterizo anudado2.jpg,,Talla,XL,Color,Blanco - Rosa,,1,XLBlanco                                                XLRosa
610268,variable,,,BLUSA CRUZADA,1,0,visible,"Permite lavado en seco / Dry Clean - Lavar a mano máximo 30°C / Hand wash up to 30°C - No usar blanqueador ó detergente fuertes / Do not bleach - Secar a la sombra / Dry in shade - No usar secadora / Do not tumble dry - Planchar máximo 100°C, interponiendo paño ligeramente húmedo/ Iron up to 100°C by interposing a slightly damp cloth - Se recomineda lavar con prendas de colores similares/Wash with similar colours - Lavar las prendas por el revés / Back side wash - No dejar en remojo / Do not soak."," Blusa delantera con cuello en V y corte recto. Mangas largas de globo con puños abotonados, 3 botones y cierre mediante cremallera semi-invisible en costado",taxable,parent,1,(terracota),,,0.25,,,,-,370000,White Sands,,Envío Growbeats,blusa cruzada terracota.jpg                                                                  blusa cruzada terracota2.jpg,,Talla,"M, L, XL, XXL",Color,Terracota,1,1,
610268,variable,,,BLUSA CRUZADA - M,1,0,visible,,,taxable,parent,1,1,-,-,0.25,Talla M: Busto 94 / Cintura 88,,,-,370000,White Sands,,,blusa cruzada terracota.jpg                                                                  blusa cruzada terracota2.jpg,,Talla,M,Color, Terracota,,1,M Terracota
610268,variable,,,BLUSA CRUZADA - L,1,0,visible,,,taxable,parent,1,2,-,-,0.25,Talla L: Busto 98 / Cintura 92,,,-,370000,White Sands,,,blusa cruzada terracota.jpg                                                                  blusa cruzada terracota2.jpg,,Talla,L,Color,Terracota,,1,L Terracota
610268,variable,,,BLUSA CRUZADA - XL,1,0,visible,,,taxable,parent,1,1,-,-,0.25,Talla XL: Busto 104 / Cintura 98   ,,,-,370000,White Sands,,,blusa cruzada terracota.jpg                                                                  blusa cruzada terracota2.jpg,,Talla,XL,Color,Terracota,,1,XLTerracota
610268,variable,,,BLUSA CRUZADA - XXL,1,0,visible,,,taxable,parent,1,1,-,-,0.25,Talla XXL: Busto 110 / Cintura 104,,,-,370000,White Sands,,,blusa cruzada terracota.jpg                                                                  blusa cruzada terracota2.jpg,,Talla,XXL,Color,Terracota,,1,XXL Terracota
610182,variable,,,TOP DE UN HOMBRO,1,0,visible,"Permite lavado en seco / Dry Clean - Lavar a mano máximo 30°C / Hand wash up to 30°C - No usar blanqueador ó detergente fuertes / Do not bleach - Secar a la sombra / Dry in shade - No usar secadora / Do not tumble dry - Planchar máximo 100°C, interponiendo paño ligeramente húmedo/ Iron up to 100°C by interposing a slightly damp cloth - Se recomineda lavar con prendas de colores similares/Wash with similar colours - Lavar las prendas por el revés / Back side wash - No dejar en remojo / Do not soak.",Top de un hombro. Detalle de volante con elástico en cuello. Cierre mediante cremallera metálica en costado.,taxable,parent,1,(rosa envejecido),,,0.20,,,,-,278000,White Sands,,Envío Growbeats,top de un hombro.jpg                                                      top de un hombro2.jpg,,Talla,L,Color,Rosa Envejecido,1,1,
610182,variable,,,TOP DE UN HOMBRO - L,1,0,visible,,,taxable,parent,1,2,-,-,0.20,Talla L: Busto 94cm / Cintura 82cm ,,,-,278000,White Sands,,,top de un hombro.jpg                                                      top de un hombro2.jpg,,Talla,L,Color,Terracota,,1,L Rosa Envejecido
620233,variable,,,FALDA LARGA CON VOLANTES,1,0,visible,"Permite lavado en seco / Dry Clean - Lavar a mano máximo 30°C / Hand wash up to 30°C - No usar blanqueador ó detergente fuertes / Do not bleach - Secar a la sombra / Dry in shade - No usar secadora / Do not tumble dry - Planchar máximo 100°C, interponiendo paño ligeramente húmedo/ Iron up to 100°C by interposing a slightly damp cloth - Se recomineda lavar con prendas de colores similares/Wash with similar colours - Lavar las prendas por el revés / Back side wash - No dejar en remojo / Do not soak.","Falda larga con detalle de volantes. Cierre mediante cremallera semi-invisible en costado.
Forro interior.",taxable,parent,1,(salmón),(azul oscuro),,0.40,,,,-,549000,White Sands,,Envío Growbeats,falda larga con volantes.jpg                                                                               falda larga con volantes2.jpg,,Talla,"S, M, L, XL",Color,Salmón - Azul Oscuro,1,1,
620233,variable,,,FALDA LARGA CON VOLANTES - S,1,0,visible,,,taxable,parent,1,0,2,-,0.40,Talla S: Cintura 68cm     ,,,-,549000,White Sands,,,falda larga con volantes.jpg                                                                               falda larga con volantes2.jpg,,Talla,S,Color,Salmón - Azul Oscuro,,1,S Salmón                                            S Azul Oscuro
620233,variable,,,FALDA LARGA CON VOLANTES - M,1,0,visible,,,taxable,parent,1,0,1,-,0.40,Talla M: Cintura 72cm ,,,-,549000,White Sands,,,falda larga con volantes.jpg                                                                               falda larga con volantes2.jpg,,Talla,M,Color,Salmón - Azul Oscuro,,1,M Salmón                                           M Azul Oscuro
620233,variable,,,FALDA LARGA CON VOLANTES - L,1,0,visible,,,taxable,parent,1,2,0,-,0.40,Talla L: Cintura 76cm ,,,-,549000,White Sands,,,falda larga con volantes.jpg                                                                               falda larga con volantes2.jpg,,Talla,L,Color,Salmón - Azul Oscuro,,1,L Salmón                                          L Azul Oscuro
620233,variable,,,FALDA LARGA CON VOLANTES - XL,1,0,visible,,,taxable,parent,1,1,1,-,0.40,Talla XL: Cintura 82cm  ,,,-,549000,White Sands,,,falda larga con volantes.jpg                                                                               falda larga con volantes2.jpg,,Talla,XL,Color,Salmón - Azul Oscuro,,1,XLSalmón                                         XLAzul Oscuro
620204,variable,,,FALDA PAREO,1,0,visible,"Lavado en seco / Dry Clean - No usar blanqueador ó detergente fuertes / Do not bleach - Secar a la sombra / Dry in shade - No usar secadora / Do not tumble dry - Planchar máximo 100°C, interponiendo paño ligeramente húmedo/ Iron up to 100°C by interposing a slightly damp cloth - Se recomineda lavar con prendas de colores similares/Wash with similar colours - Lavar las prendas por el revés / Back side wash - No dejar en remojo / Do not soak.",Falda pareo de talle alto y cierre mediante nudo. Abertura frontal con detalle de volante. ,taxable,parent,1,(estampado),,,0.25,,,,60% OFF,379000,White Sands,,Envío Growbeats,falda pareo.jpg,,Talla,"S, M",Color,Estampado,1,1,
620204,variable,,,FALDA PAREO - S,1,0,visible,,,taxable,parent,1,3,-,-,0.25,Talla S: Cintura 68cm,,,60% OFF,379000,White Sands,,,falda pareo.jpg,,Talla,S,Color,Estampado,,1,S Estampado
620204,variable,,,FALDA PAREO - M,1,0,visible,,,taxable,parent,1,2,-,-,0.25,Talla M: Cintura 72cm,,,60% OFF,379000,White Sands,,,falda pareo.jpg,,Talla,M,Color,Estampado,,1,M Estampado
620195,variable,,,PANTALÓN ANUDADO CON PLIEGUES,1,0,visible,"Permite lavado en seco / Dry Clean - Lavar a mano máximo 30°C / Hand wash up to 30°C - No usar blanqueador ó detergente fuertes / Do not bleach - Secar a la sombra / Dry in shade - No usar secadora / Do not tumble dry - Planchar máximo 100°C, interponiendo paño ligeramente húmedo/ Iron up to 100°C by interposing a slightly damp cloth - Se recomineda lavar con prendas de colores similares/Wash with similar colours - Lavar las prendas por el revés / Back side wash - No dejar en remojo / Do not soak.",Pantalón de cintura alta y botas anchas. Plisado en la cintura y detalle atado. Cremallera semi-invisible en costado.,taxable,parent,1,(mostaza),,,0.30,,,,-,279000, Neoclassical Beauty,,Envío Growbeats,pantalón anudado con pliegues mostaza.jpg,,Talla,"14, 16",Color,Mostaza,1,1,
620195,variable,,,PANTALÓN ANUDADO CON PLIEGUES - 14,1,0,visible,,,taxable,parent,1,1,-,-,0.30,Talla 14: Cintura 92cm ,,,-,279000, Neoclassical Beauty,,,pantalón anudado con pliegues mostaza.jpg,,Talla,14,Color,Mostaza,,1,14 Mostaza
620195,variable,,,PANTALÓN ANUDADO CON PLIEGUES - 16,1,0,visible,,,taxable,parent,1,2,-,-,0.30,Talla 16: Cintura 98cm,,,-,279000, Neoclassical Beauty,,,pantalón anudado con pliegues mostaza.jpg,,Talla,16,Color,Mostaza,,1,16 Mostaza
620196,variable,,,PALAZZO CON PLIEGUE,1,0,visible,"Permite lavado en seco / Dry Clean - Lavar a mano máximo 30°C / Hand wash up to 30°C - No usar blanqueador ó detergente fuertes / Do not bleach - Secar a la sombra / Dry in shade - No usar secadora / Do not tumble dry - Planchar máximo 100°C, interponiendo paño ligeramente húmedo/ Iron up to 100°C by interposing a slightly damp cloth - Se recomineda lavar con prendas de colores similares/Wash with similar colours - Lavar las prendas por el revés / Back side wash - No dejar en remojo / Do not soak.",Pantalón fluido de talle alto con detalle de pliegues en la parte delantera. Botón y cremallera semi-invisible en espalda.,taxable,parent,1,(negro),(palo de rosa),(terracota),0.40,,,,-,362000, Neoclassical Beauty,,Envío Growbeats,palazzo con pliegue.jpg                                                        palazzo con pliegue2jpg,,Talla,10/06/2016,Color,Negro - Palo de Rosa - Terracota,1,1,
620196,variable,,,PALAZZO CON PLIEGUE - 6,1,0,visible,,,taxable,parent,1,1,0,0,0.40,"Talla 6 : Cintura 62cm  
",,,-,362000, Neoclassical Beauty,,,palazzo con pliegue.jpg                                                        palazzo con pliegue2jpg,,Talla,6,Color,Negro,,1,6 Negro
620196,variable,,,PALAZZO CON PLIEGUE - 10,1,0,visible,,,taxable,parent,1,2,0,0,0.40,Talla 10: Cintura 66cm,,,-,362000, Neoclassical Beauty,,,palazzo con pliegue.jpg                                                        palazzo con pliegue2jpg,,Talla,10,Color,Negro,,1,10Negro
620196,variable,,,PALAZZO CON PLIEGUE - 16,1,0,visible,,,taxable,parent,1,0,2,1,0.40,Talla 16: Cintura 96cm ,,,-,362000, Neoclassical Beauty,,,palazzo con pliegue.jpg                                                        palazzo con pliegue2jpg,,Talla,16,Color,Palo de Rosa - Terracota,,1,16 Palo de Rosa                                16 Terracota
65,variable,,,"ZAPATO DE TACÓN MEDIO, EN CUERO",1,0,visible,,Zapato de tacón grueso y de altura media. Punta puntiaguda. 100% Cuero.,taxable,parent,1,(negro/beige),,,0.50,,,,-,362000, Neoclassical Beauty,,Envío Growbeats,zapato de tacón medio en cuero.jpg                                                                          zapato de tacón medio en cuero2.jpg,,Talla,,Color,Negro/Beige,1,1,
,,,,,,,,,,,,,,,,,,,,,,,,,,,,,,,,,
610185,variable,,,BLUSA ANUDADA,1,0,visible,"Permite lavado en seco / Dry Clean - Lavar a mano máximo 30°C / Hand wash up to 30°C - No usar blanqueador ó detergente fuertes / Do not bleach - Secar a la sombra / Dry in shade - No usar secadora / Do not tumble dry - Planchar máximo 100°C, interponiendo paño ligeramente húmedo/ Iron up to 100°C by interposing a slightly damp cloth - Se recomineda lavar con prendas de colores similares/Wash with similar colours - Lavar las prendas por el revés / Back side wash - No dejar en remojo / Do not soak.","Blusa con corte recto, cuello en V, manga larga con puños abotonados y bajo asimétrico para anudar ó cruzar hacia espalda. Cierre mediante botonadura frontal. Botones en cristal Swarovski.",taxable,parent,1,(color taupe),,,0.20,,,,-,355000, Neoclassical Beauty,,Envío Growbeats,blusa anudada taupe.jpg                                                 blusa anudada taupe.2.jpg                           ,,Talla,"S, M , L",Color,Taupe,1,1,
610185,variable,,,BLUSA ANUDADA - L,1,0,visible,,,taxable,parent,1,3,-,-,0.20,Talla L:  Busto 100 / Cintura 92 ,,,-,355000, Neoclassical Beauty,,,blusa anudada taupe.jpg                                                 blusa anudada taupe.2.jpg,,Talla,L,Color,Taupe,,1,L Taupe
610185,variable,,,BLUSA ANUDADA - M,1,0,visible,,,taxable,parent,1,3,-,-,0.20,Talla M:  Busto 96 / Cintura 88 ,,,-,355000, Neoclassical Beauty,,,blusa anudada taupe.jpg                                                 blusa anudada taupe.2.jpg,,Talla,M,Color,Taupe,,1,M Taupe
610185,variable,,,BLUSA ANUDADA - S,1,0,visible,,,taxable,parent,1,5,-,-,0.20,Talla S: Busto 92 / Cintura 84,,,-,355000, Neoclassical Beauty,,,blusa anudada taupe.jpg                                                 blusa anudada taupe.2.jpg,,Talla,S,Color,Taupe,,1,S Taupe
610191,variable,,,BLUSA TRES VOLANTES EN MANGA,1,0,visible,"Permite lavado en seco / Dry Clean - Lavar a mano máximo 30°C / Hand wash up to 30°C - No usar blanqueador ó detergente fuertes / Do not bleach - Secar a la sombra / Dry in shade - No usar secadora / Do not tumble dry - Planchar máximo 100°C, interponiendo paño ligeramente húmedo/ Iron up to 100°C by interposing a slightly damp cloth - Se recomineda lavar con prendas de colores similares/Wash with similar colours - Lavar las prendas por el revés / Back side wash - No dejar en remojo / Do not soak.
",Top cuello barco. Manga larga con volantes. Cierre mediante cremallera semi-invisible en parte posterior.,taxable,parent,1,(color negro),,,0.20,,,,-,285000, Neoclassical Beauty,,Envío Growbeats,blusa tres volantes en manga.jpg                                                                    blusa tres volantes en manga2.jpg                                                           blusa tres volantes en manga3.jpg,,Talla,"S, M",Color,Negro,1,1,
610191,variable,,,BLUSA TRES VOLANTES EN MANGA - S,1,0,visible,,,taxable,parent,1,1,-,-,0.20,Talla S: Busto 86cm / Cintura 74cm  ,,,-,285000, Neoclassical Beauty,,,blusa tres volantes en manga.jpg                                                                    blusa tres volantes en manga2.jpg                                                           blusa tres volantes en manga3.jpg,,Talla,S,Color,Negro,,1,S Negro
610191,variable,,,BLUSA TRES VOLANTES EN MANGA - M,1,0,visible,,,taxable,parent,1,4,-,-,0.20,Talla M: Busto 90cm / Cintura 78cm ,,,-,285000, Neoclassical Beauty,,,blusa tres volantes en manga.jpg                                                                    blusa tres volantes en manga2.jpg                                                           blusa tres volantes en manga3.jpg,,Talla,M,Color,Negro,,1,M Negro
630261,variable,,,CHAQUETA ACOLCHADA,1,0,visible,"Lavado en seco / Dry Clean - No usar blanqueador ó detergente fuertes / Do not bleach - Secar a la sombra / Dry in shade - No usar secadora / Do not tumble dry - Planchar máximo 100°C, interponiendo paño ligeramente húmedo/ Iron up to 100°C by interposing a slightly damp cloth - Se recomineda lavar con prendas de colores similares/Wash with similar colours - Lavar las prendas por el revés / Back side wash - No dejar en remojo / Do not soak ",Chaqueta acolchada. Silueta ajustada. Cuello de solapa con muesca. Cierre frontal con cintas para anudar.,taxable,parent,1,(color rojo),(color azul oscuro),,0.40,,,,-,485000, Neoclassical Beauty,,Envío Growbeats,chaqueta acolchada.jpg                                              chaqueta acolchada2.jpg                                                  chaqueta acolchada3.jpg,,Talla,"M, L",Color,Rojo - Azul Oscuro,1,1,
630261,variable,,,CHAQUETA ACOLCHADA - M,1,0,visible,,,taxable,parent,1,1,0,-,0.40,Talla M: Busto 94cm / 84cm ,,,-,485000, Neoclassical Beauty,,,chaqueta acolchada.jpg                                              chaqueta acolchada2.jpg                                                  chaqueta acolchada3.jpg,,Talla,M,Color,Rojo - Azul Oscuro,,1,M Rojo
630261,variable,,,CHAQUETA ACOLCHADA - L,1,0,visible,,,taxable,parent,1,0,1,-,0.40,Talla L: Busto 98cm / 88cm,,,-,485000, Neoclassical Beauty,,,chaqueta acolchada.jpg                                              chaqueta acolchada2.jpg                                                  chaqueta acolchada3.jpg,,Talla,L,Color,Rojo - Azul Oscuro,,1,L Azul Oscuro
610188,variable,,,BLUSA CON MANGAS ASIMÉTRICAS,1,0,visible,"Permite lavado en seco / Dry Clean - Lavar a mano máximo 30°C / Hand wash up to 30°C - No usar blanqueador ó detergente fuertes / Do not bleach - Secar a la sombra / Dry in shade - No usar secadora / Do not tumble dry - Planchar máximo 100°C, interponiendo paño ligeramente húmedo/ Iron up to 100°C by interposing a slightly damp cloth - Se recomineda lavar con prendas de colores similares/Wash with similar colours - Lavar las prendas por el revés / Back side wash - No dejar en remojo / Do not soak. ","Blusa de corte recto, cuello en V con detalle de volante y pliegues. Mangas asimétricas. Cierre mediante cremallera en costado.",taxable,parent,1,(blanco),,,0.20,,,,-,229000, Neoclassical Beauty,,Envío Growbeats,blusa con mangas asimétricas.jpg                                                                      blusa con mangas asimétricas2.jpg,,Talla,S - XL,Color,Blanco,1,1,
610188,variable,,,BLUSA CON MANGAS ASIMÉTRICAS - S,1,0,visible,,,taxable,parent,1,1,0,-,0.20,Talla S: Busto 84cm / 77cm   ,,,-,229000, Neoclassical Beauty,,,blusa con mangas asimétricas.jpg                                                                      blusa con mangas asimétricas2.jpg,,Talla,S,Color,Blanco,,1,S Blanco
610188,variable,,,BLUSA CON MANGAS ASIMÉTRICAS - XL,1,0,visible,,,taxable,parent,1,1,0,-,0.20,Talla XL: Busto 98cm / 91cm ,,,-,229000, Neoclassical Beauty,,,blusa con mangas asimétricas.jpg                                                                      blusa con mangas asimétricas2.jpg,,Talla,XL,Color,Blanco,,1,XL Blanco
632012,variable,,,CHAQUETA ACOLCHADA,1,0,visible,"Lavado en seco / Dry Clean - No usar blanqueador ó detergente fuertes / Do not bleach - Secar a la sombra / Dry in shade - No usar secadora / Do not tumble dry - Planchar máximo 100°C, interponiendo paño ligeramente húmedo/ Iron up to 100°C by interposing a slightly damp cloth - Se recomineda lavar con prendas de colores similares/Wash with similar colours - Lavar las prendas por el revés / Back side wash - No dejar en remojo / Do not soak ",Chaqueta acolchada. Silueta ajustada. Cuello de solapa con muesca. Cierre frontal con cintas para anudar.,taxable,parent,1,(camel),(gris claro),,0.40,,,,-,485000, Neoclassical Beauty,,Envío Growbeats,chaqueta acolchada camel y gris.jpg,,Talla,"S, M, L, XL",Color,Camel - Gris,1,1,
632012,variable,,,CHAQUETA ACOLCHADA - S,1,0,visible,,,taxable,parent,1,0,1,-,0.40,Talla S: Busto 90cm / 80cm ,,,-,485000, Neoclassical Beauty,,,chaqueta acolchada camel y gris.jpg,,Talla,S,Color,Camel - Gris,,1,S Camel                                          S Gris
632012,variable,,,CHAQUETA ACOLCHADA - M,1,0,visible,,,taxable,parent,1,1,3,-,0.40,Talla M: Busto 94cm / 84cm ,,,-,485000, Neoclassical Beauty,,,chaqueta acolchada camel y gris.jpg,,Talla,M,Color,Camel - Gris,,1,M Camel                                     M Gris
632012,variable,,,CHAQUETA ACOLCHADA - L,1,0,visible,,,taxable,parent,1,2,2,-,0.40,Talla L: Busto 98cm / 88cm ,,,-,485000, Neoclassical Beauty,,,chaqueta acolchada camel y gris.jpg,,Talla,L,Color,Camel - Gris,,1,L Camel                                        L Gris
632012,variable,,,CHAQUETA ACOLCHADA - XL,1,0,visible,,,taxable,parent,1,1,2,-,0.40,Talla XL: Busto 104cm / 94cm,,,-,485000, Neoclassical Beauty,,,chaqueta acolchada camel y gris.jpg,,Talla,XL,Color,Camel - Gris,,1,XLCamel                                          XLGris
642592,variable,,,ENTERIZO CON DETALLE GRABADO,1,0,visible,Permite lavado en seco / Dry Clean - Lavar a mano máximo 30°C / Hand wash up to 30°C - No usar blanqueador ó detergente fuertes / Do not bleach - Secar a la sombra / Dry in shade - No usar secadora / Do not tumble dry - No planchar / Do not iron - Se recomineda lavar con prendas de colores similares/Wash with similar colours - Lavar las prendas por el revés / Back side wash - No dejar en remojo / Do not soak.,Enterizo largo. Cuello y mangas asimétricas. Una manga larga de globo con puño. Aberturas laterales en ruedo. Cierre mediante cremallera semi-invisible en costado.,taxable,parent,1,(uva),(marfíl),,0.50,,,,-,890000,Temporada Especial,,Envío Growbeats,enterizo con detalle grabado.jpg                                                                 enterizo con detalle grabado2.jpg                                          enterizo con detalle grabado3.jpg,,Talla,"S, M, L, XL, XXL",Color,Uva - Marfíl,1,1,
642592,variable,,,ENTERIZO CON DETALLE GRABADO - S,1,0,visible,,,taxable,parent,1,1,2,-,0.50,Talla S: Busto 86cm / Cintura 72cm  ,,,-,890000,Temporada Especial,,,enterizo con detalle grabado.jpg                                                                 enterizo con detalle grabado2.jpg                                          enterizo con detalle grabado3.jpg,,Talla,S,Color,Uva - Marfíl,,1,S Uva                                            S Marfíl
642592,variable,,,ENTERIZO CON DETALLE GRABADO - M,1,0,visible,,,taxable,parent,1,3,3,-,0.50,Talla M: Busto 90cm / Cintura 76cm ,,,-,890000,Temporada Especial,,,enterizo con detalle grabado.jpg                                                                 enterizo con detalle grabado2.jpg                                          enterizo con detalle grabado3.jpg,,Talla,M,Color,Uva - Marfíl,,1,M Uva                                   M Marfíl
642592,variable,,,ENTERIZO CON DETALLE GRABADO - L,1,0,visible,,,taxable,parent,1,2,3,-,0.50,Talla L: Busto 94cm / Cintura 80cm  ,,,-,890000,Temporada Especial,,,enterizo con detalle grabado.jpg                                                                 enterizo con detalle grabado2.jpg                                          enterizo con detalle grabado3.jpg,,Talla,L,Color,Uva - Marfíl,,1,L Uva                                        L Marfíl
642592,variable,,,ENTERIZO CON DETALLE GRABADO - XL,1,0,visible,,,taxable,parent,1,1,1,-,0.50,Talla XL: Busto 100cm / Cintura 86cm ,,,-,890000,Temporada Especial,,,enterizo con detalle grabado.jpg                                                                 enterizo con detalle grabado2.jpg                                          enterizo con detalle grabado3.jpg,,Talla,XL,Color,Uva - Marfíl,,1,XLUva                               XLMarfíl
642592,variable,,,ENTERIZO CON DETALLE GRABADO - XXL,1,0,visible,,,taxable,parent,1,0,1,-,0.50,Talla XXL: Busto 106cm / Cintura 92cm  ,,,-,890000,Temporada Especial,,,enterizo con detalle grabado.jpg                                                                 enterizo con detalle grabado2.jpg                                          enterizo con detalle grabado3.jpg,,Talla,XXL,Color,Uva - Marfíl,,1,XXL Uva                                    XXL Marfíl
640250,variable,,,MAXI VESTIDO CON VOLANTES,1,0,visible,Permite lavado en seco / Dry Clean - Lavar a mano máximo 30°C / Hand wash up to 30°C - No usar blanqueador ó detergente fuertes / Do not bleach - Secar a la sombra / Dry in shade - No usar secadora / Do not tumble dry - No planchar / Do not iron - Se recomineda lavar con prendas de colores similares/Wash with similar colours - Lavar las prendas por el revés / Back side wash - No dejar en remojo / Do not soak.,Vestido largo con hombros descubiertos. Sobreposición semi drapeada. Detalle de volantes verticales. Cierre mediante cremallera semi-invisible en espalda.,taxable,parent,1,(salmón),(marfíl),,0.35,,,,-,980000,Temporada Especial,,Envío Growbeats,Maxi vestido con volantes.jpg                                                 Maxi vestido con volantes2.jpg                                                                         Maxi vestido con volantes3.jpg                                                              Maxi vestido con volantes4.jpg,,Talla,"S, M, L",Color,Salmón - Marfíl,1,1,
640250,variable,,,MAXI VESTIDO CON VOLANTES - S,1,0,visible,,,taxable,parent,1,1,1,-,0.35,Talla S: Busto 82cm / Cintura 68cm  ,,,-,980000,Temporada Especial,,,Maxi vestido con volantes.jpg                                                 Maxi vestido con volantes2.jpg                                                                         Maxi vestido con volantes3.jpg                                                              Maxi vestido con volantes4.jpg,,Talla,S,Color,Salmón - Marfíl,,1,S Salmón                           S Marfíl
640250,variable,,,MAXI VESTIDO CON VOLANTES - M,1,0,visible,,,taxable,parent,1,2,1,-,0.35,Talla M: Busto 86cm / Cintura 72cm ,,,-,980000,Temporada Especial,,,Maxi vestido con volantes.jpg                                                 Maxi vestido con volantes2.jpg                                                                         Maxi vestido con volantes3.jpg                                                              Maxi vestido con volantes4.jpg,,Talla,M,Color,Salmón - Marfíl,,1,M Salmón                                             M Marfíl
640250,variable,,,MAXI VESTIDO CON VOLANTES - L,1,0,visible,,,taxable,parent,1,1,1,-,0.35,Talla L:  Busto 90cm / Cintura 76cm ,,,-,980000,Temporada Especial,,,Maxi vestido con volantes.jpg                                                 Maxi vestido con volantes2.jpg                                                                         Maxi vestido con volantes3.jpg                                                              Maxi vestido con volantes4.jpg,,Talla,L,Color,Salmón - Marfíl,,1,L Salmón                         L Marfíl
611731,variable,,,BLUSA DE LENTEJUELA,1,0,visible,Permite lavado en seco / Dry Clean - Lavar a mano máximo 30°C / Hand wash up to 30°C - No usar blanqueador ó detergente fuertes / Do not bleach - Secar a la sombra / Dry in shade - No usar secadora / Do not tumble dry - No planchar / Do not iron - Se recomineda lavar con prendas de colores similares/Wash with similar colours - Lavar las prendas por el revés / Back side wash - No dejar en remojo / Do not soak.,Top sin mangas con escote redondo y aplicaciones de lentejuelas. Cierre mediante cremallera semi-invisible en costado.,taxable,parent,1,(dorado),(negro),,0.20,,,,-,282000,Temporada Especial,,Envío Growbeats,blusa en lentejuela.jpg                                                        blusa en lentejuela2.jpg,,Talla,"S, M, L",Color,Dorado - Negro,1,1,
611731,variable,,,BLUSA DE LENTEJUELA - S,1,0,visible,,,taxable,parent,1,5,2,-,0.20,Talla S: Busto 87cm / Cintura 80cm    ,,,-,282000,Temporada Especial,,,blusa en lentejuela.jpg                                                        blusa en lentejuela2.jpg,,Talla,S,Color,Dorado - Negro,,1,S Dorado                                                    S Negro
611731,variable,,,BLUSA DE LENTEJUELA - M,1,0,visible,,,taxable,parent,1,0,3,-,0.20,Talla M: Busto 91cm / Cintura 84cm   ,,,-,282000,Temporada Especial,,,blusa en lentejuela.jpg                                                        blusa en lentejuela2.jpg,,Talla,M,Color,Dorado - Negro,,1,M Dorado                                                   M Negro
611731,variable,,,BLUSA DE LENTEJUELA - L,1,0,visible,,,taxable,parent,1,0,2,-,0.20,Talla L: Busto 95cm / Cintura 88cm  ,,,-,282000,Temporada Especial,,,blusa en lentejuela.jpg                                                        blusa en lentejuela2.jpg,,Talla,L,Color,Dorado - Negro,,1,L Dorado                                                    L Negro
640261,variable,,,MAXI VESTIDO DE TIRANTES,1,0,visible,"Permite lavado en seco / Dry Clean - Lavar a mano máximo 30°C / Hand wash up to 30°C - No usar blanqueador ó detergente fuertes / Do not bleach - Secar a la sombra / Dry in shade - No usar secadora / Do not tumble dry - Planchar máximo 100°C, interponiendo paño ligeramente húmedo/ Iron up to 100°C by interposing a slightly damp cloth - Se recomineda lavar con prendas de colores similares/Wash with similar colours - Lavar las prendas por el revés / Back side wash - No dejar en remojo / Do not soak.",Vestido largo sin mangas. Cuello redondo y tiras tipo spaghetti. Aberturas laterales en ruedo. Cierrer mediante cremallera semi-invisible en espalda. Forro interior.,taxable,parent,1,(rojo),(azul),,0.35,,,,-,879000,Temporada Especial,,Envío Growbeats,maxi vestido de tirantes.jpg,,Talla,"S, M, L, XL",Color,Rojo - Azul Oscuro,1,1,
640261,variable,,,MAXI VESTIDO DE TIRANTES - S,1,0,visible,,,taxable,parent,1,0,1,-,0.35,Talla S: Busto 82cm / Cintura 68cm    ,,,-,879000,Temporada Especial,,,maxi vestido de tirantes.jpg,,Talla,S,Color,Rojo - Azul Oscuro,,1,S Rojo                                                S Azul
640261,variable,,,MAXI VESTIDO DE TIRANTES - M,1,0,visible,,,taxable,parent,1,1,1,-,0.35,Talla M: Busto 86cm / Cintura 72cm ,,,-,879000,Temporada Especial,,,maxi vestido de tirantes.jpg,,Talla,M,Color,Rojo - Azul Oscuro,,1,M Rojo                                               M Azul
640261,variable,,,MAXI VESTIDO DE TIRANTES - L,1,0,visible,,,taxable,parent,1,1,1,-,0.35,Talla L:  Busto 90cm / Cintura 76cm ,,,-,879000,Temporada Especial,,,maxi vestido de tirantes.jpg,,Talla,L,Color,Rojo - Azul Oscuro,,1,L Rojo                                             L Azul
640261,variable,,,MAXI VESTIDO DE TIRANTES - XL,1,0,visible,,,taxable,parent,1,1,1,-,0.35,Talla XL: Busto 96cm / Cintura 82cm ,,,-,879000,Temporada Especial,,,maxi vestido de tirantes.jpg,,Talla,XL,Color,Rojo - Azul Oscuro,,1,XLRojo                                           XLAzul
640252,variable,,,MAXI VESTIDO MANGA GLOBO,1,0,visible,"Lavado en seco / Dry Clean - No usar blanqueador ó detergente fuertes / Do not bleach - Secar a la sombra / Dry in shade - No usar secadora / Do not tumble dry - Planchar máximo 100°C, interponiendo paño ligeramente húmedo/ Iron up to 100°C by interposing a slightly damp cloth - Se recomineda lavar con prendas de colores similares/Wash with similar colours - Lavar las prendas por el revés / Back side wash - No dejar en remojo / Do not soak ","Vestido largo. Cuello en V. Manga larga de globo, con puños anudados. Aplicaciones en lentejuelas. Abertura frontal. Forro interior.",taxable,parent,1,(verde botella),(dorado),,0.40,,,,-,899000,Temporada Especial,,Envío Growbeats,maxi vestido manga globo.jpg                                                                                   maxi vestido manga globo2.jpg,,Talla,"S, M, L, XL, XXL",Color,Verde Botella - Dorado,1,1,
640252,variable,,,MAXI VESTIDO MANGA GLOBO - S,1,0,visible,,,taxable,parent,1,1,2,-,0.40,Talla S: Busto 82cm / Cintura 68cm   ,,,-,899000,Temporada Especial,,,maxi vestido manga globo.jpg                                                                                   maxi vestido manga globo2.jpg,,Talla,S,Color,Verde Botella - Dorado,,1,S Verde Botella                                              S Dorado
640252,variable,,,MAXI VESTIDO MANGA GLOBO - M,1,0,visible,,,taxable,parent,1,1,1,-,0.40,Talla M: Busto 86cm / Cintura 72cm  ,,,-,899000,Temporada Especial,,,maxi vestido manga globo.jpg                                                                                   maxi vestido manga globo2.jpg,,Talla,M,Color,Verde Botella - Dorado,,1,M Verde Botella                                              M Dorado
640252,variable,,,MAXI VESTIDO MANGA GLOBO - L,1,0,visible,,,taxable,parent,1,0,2,-,0.40,Talla L:  Busto 90cm / Cintura 76cm  ,,,-,899000,Temporada Especial,,,maxi vestido manga globo.jpg                                                                                   maxi vestido manga globo2.jpg,,Talla,L,Color,Verde Botella - Dorado,,1,L Verde Botella                                         L Dorado
640252,variable,,,MAXI VESTIDO MANGA GLOBO - XL,1,0,visible,,,taxable,parent,1,1,1,-,0.40,Talla XL: Busto 96cm / Cintura 82cm ,,,-,899000,Temporada Especial,,,maxi vestido manga globo.jpg                                                                                   maxi vestido manga globo2.jpg,,Talla,XL,Color,Verde Botella - Dorado,,1,XLVerde Botella                                           XLDorado
640252,variable,,,MAXI VESTIDO MANGA GLOBO - XXL,1,0,visible,,,taxable,parent,1,1,1,-,0.40,Talla XXL: Busto 102cm / Cintura 88cm   ,,,-,899000,Temporada Especial,,,maxi vestido manga globo.jpg                                                                                   maxi vestido manga globo2.jpg,,Talla,XXL,Color,Verde Botella - Dorado,,1,XXL Verde Botella                                   XXL Dorado
